what,kind,bundleId,bundleVersion,description,time
deactivated,workbench,org.eclipse.ui.workbench,3.6.2.M20110210-1200,"",1419046300059
activated,workbench,org.eclipse.ui.workbench,3.6.2.M20110210-1200,"",1419046324976
opened,editor,org.eclipse.jdt.ui,3.6.2.r362_v20110203,"org.eclipse.jdt.ui.CompilationUnitEditor",1419046349185
activated,editor,org.eclipse.jdt.ui,3.6.2.r362_v20110203,"org.eclipse.jdt.ui.CompilationUnitEditor",1419046349341
deactivated,workbench,org.eclipse.ui.workbench,3.6.2.M20110210-1200,"",1419046396514
activated,workbench,org.eclipse.ui.workbench,3.6.2.M20110210-1200,"",1419046399925
deactivated,workbench,org.eclipse.ui.workbench,3.6.2.M20110210-1200,"",1419046401432
activated,workbench,org.eclipse.ui.workbench,3.6.2.M20110210-1200,"",1419059202801
deactivated,workbench,org.eclipse.ui.workbench,3.6.2.M20110210-1200,"",1419059203004
activated,workbench,org.eclipse.ui.workbench,3.6.2.M20110210-1200,"",1419059204713
closed,workbench,org.eclipse.ui.workbench,3.6.2.M20110210-1200,"",1419059205120
started,bundle,org.eclipse.compare,3.5.101.R36x_v20100929-0800,"org.eclipse.compare",1419059206313
stopped,bundle,org.eclipse.jst.ws.axis.creation.ui,1.0.600.v201008171516,"org.eclipse.jst.ws.axis.creation.ui",1419059207111
stopped,bundle,org.eclipse.jst.ws.axis.consumption.ui,1.0.505.v201004211805,"org.eclipse.jst.ws.axis.consumption.ui",1419059207141
activated,perspective,org.eclipse.jdt.ui,,"org.eclipse.jdt.ui.JavaPerspective",1419205625112
started,bundle,org.eclipse.osgi,3.6.2.R36x_v20110210,"org.eclipse.osgi",1419205625114
started,bundle,org.eclipse.equinox.simpleconfigurator,1.0.200.v20100503,"org.eclipse.equinox.simpleconfigurator",1419205625115
started,bundle,com.ibm.icu,4.2.1.v20100412,"com.ibm.icu",1419205625275
started,bundle,org.eclipse.compare.core,3.5.101.R36x_v20100929-0800,"org.eclipse.compare.core",1419205625276
started,bundle,org.eclipse.core.contenttype,3.4.100.v20100505-1235,"org.eclipse.core.contenttype",1419205625279
started,bundle,org.eclipse.core.databinding.observable,1.3.0.I20100601-0800,"org.eclipse.core.databinding.observable",1419205625282
started,bundle,org.eclipse.core.expressions,3.4.200.v20100505,"org.eclipse.core.expressions",1419205625283
started,bundle,org.eclipse.core.filebuffers,3.5.100.v20100520-0800,"org.eclipse.core.filebuffers",1419205625285
started,bundle,org.eclipse.core.filesystem,1.3.1.R36x_v20100727-0745,"org.eclipse.core.filesystem",1419205625287
started,bundle,org.eclipse.core.jobs,3.5.1.R36x_v20100824,"org.eclipse.core.jobs",1419205625289
started,bundle,org.eclipse.core.net,1.2.100.I20100511-0800,"org.eclipse.core.net",1419205625290
started,bundle,org.eclipse.core.resources,3.6.1.R36x_v20110131-1630,"org.eclipse.core.resources",1419205625291
started,bundle,org.eclipse.core.runtime,3.6.0.v20100505,"org.eclipse.core.runtime",1419205625293
started,bundle,org.eclipse.core.runtime.compatibility,3.2.100.v20100505,"org.eclipse.core.runtime.compatibility",1419205625310
started,bundle,org.eclipse.core.runtime.compatibility.auth,3.2.200.v20100517,"org.eclipse.core.runtime.compatibility.auth",1419205625312
started,bundle,org.eclipse.core.variables,3.2.400.v20100505,"org.eclipse.core.variables",1419205625313
started,bundle,org.eclipse.debug.core,3.6.0.v20100519,"org.eclipse.debug.core",1419205625315
started,bundle,org.eclipse.epp.usagedata.gathering,1.3.1.R201102081640,"org.eclipse.epp.usagedata.gathering",1419205625317
started,bundle,org.eclipse.epp.usagedata.recording,1.3.1.R201102081640,"org.eclipse.epp.usagedata.recording",1419205625319
started,bundle,org.eclipse.equinox.app,1.3.1.R36x_v20100803,"org.eclipse.equinox.app",1419205625320
started,bundle,org.eclipse.equinox.common,3.6.0.v20100503,"org.eclipse.equinox.common",1419205625321
started,bundle,org.eclipse.equinox.ds,1.2.1.R36x_v20100803,"org.eclipse.equinox.ds",1419205625322
started,bundle,org.eclipse.equinox.event,1.2.0.v20100503,"org.eclipse.equinox.event",1419205625323
started,bundle,org.eclipse.equinox.p2.core,2.0.3.R36x_v20110111,"org.eclipse.equinox.p2.core",1419205625324
started,bundle,org.eclipse.equinox.p2.directorywatcher,1.0.203.R36x_v20101220,"org.eclipse.equinox.p2.directorywatcher",1419205625325
started,bundle,org.eclipse.equinox.p2.engine,2.0.1.R36x_v20110201,"org.eclipse.equinox.p2.engine",1419205625326
started,bundle,org.eclipse.equinox.p2.metadata,2.0.1.R36x_v20101202,"org.eclipse.equinox.p2.metadata",1419205625327
started,bundle,org.eclipse.equinox.p2.metadata.repository,1.1.0.v20100513,"org.eclipse.equinox.p2.metadata.repository",1419205625328
started,bundle,org.eclipse.equinox.p2.operations,2.0.0.v20100510,"org.eclipse.equinox.p2.operations",1419205625329
started,bundle,org.eclipse.equinox.p2.reconciler.dropins,1.1.2.R36x_v20110114,"org.eclipse.equinox.p2.reconciler.dropins",1419205625521
started,bundle,org.eclipse.equinox.p2.repository,2.0.2.R36x_v20110111-1500,"org.eclipse.equinox.p2.repository",1419205625522
started,bundle,org.eclipse.equinox.p2.ui.sdk.scheduler,1.0.0.v20100507-1815,"org.eclipse.equinox.p2.ui.sdk.scheduler",1419205625524
started,bundle,org.eclipse.equinox.p2.updatechecker,1.1.101.R36x_v20100823,"org.eclipse.equinox.p2.updatechecker",1419205625526
started,bundle,org.eclipse.equinox.preferences,3.3.0.v20100503,"org.eclipse.equinox.preferences",1419205625528
started,bundle,org.eclipse.equinox.registry,3.5.0.v20100503,"org.eclipse.equinox.registry",1419205625709
started,bundle,org.eclipse.equinox.security,1.0.200.v20100503,"org.eclipse.equinox.security",1419205625711
started,bundle,org.eclipse.equinox.util,1.0.200.v20100503,"org.eclipse.equinox.util",1419205625713
started,bundle,org.eclipse.help,3.5.0.v20100524,"org.eclipse.help",1419205625715
started,bundle,org.eclipse.jdt.apt.core,3.3.402.R36_v20110120-1000,"org.eclipse.jdt.apt.core",1419205625717
started,bundle,org.eclipse.jdt.apt.pluggable.core,1.0.301.R36_v20100727-0110,"org.eclipse.jdt.apt.pluggable.core",1419205625719
started,bundle,org.eclipse.jdt.core,3.6.2.v_A76_R36x,"org.eclipse.jdt.core",1419205625724
started,bundle,org.eclipse.jdt.core.manipulation,1.3.0.v20100520-0800,"org.eclipse.jdt.core.manipulation",1419205625726
started,bundle,org.eclipse.jdt.launching,3.5.200.v20110105_r362,"org.eclipse.jdt.launching",1419205625728
started,bundle,org.eclipse.jdt.ui,3.6.2.r362_v20110203,"org.eclipse.jdt.ui",1419205625728
started,bundle,org.eclipse.jface,3.6.2.M20110210-1200,"org.eclipse.jface",1419205625788
started,bundle,org.eclipse.ltk.core.refactoring,3.5.101.r362_v20101117-0800,"org.eclipse.ltk.core.refactoring",1419205625789
started,bundle,org.eclipse.ltk.ui.refactoring,3.5.0.v20100526-0800,"org.eclipse.ltk.ui.refactoring",1419205625792
started,bundle,org.eclipse.mylyn.bugzilla.core,3.4.2.v20100902-0100-e3x,"org.eclipse.mylyn.bugzilla.core",1419205625794
started,bundle,org.eclipse.mylyn.bugzilla.ui,3.4.3.v20110131-0100-e3x,"org.eclipse.mylyn.bugzilla.ui",1419205625795
started,bundle,org.eclipse.mylyn.commons.net,3.4.1.v20100625-2100-e3x,"org.eclipse.mylyn.commons.net",1419205625795
started,bundle,org.eclipse.mylyn.commons.ui,3.4.0.v20100608-0100-e3x,"org.eclipse.mylyn.commons.ui",1419205625796
started,bundle,org.eclipse.mylyn.context.core,3.4.1.v20100909-0100-e3x,"org.eclipse.mylyn.context.core",1419205625798
started,bundle,org.eclipse.mylyn.context.ui,3.4.2.v20110131-0100-e3x,"org.eclipse.mylyn.context.ui",1419205625920
started,bundle,org.eclipse.mylyn.monitor.ui,3.4.1.v20110131-0100-e3x,"org.eclipse.mylyn.monitor.ui",1419205625922
started,bundle,org.eclipse.mylyn.tasks.ui,3.4.3.v20110131-0100-e3x,"org.eclipse.mylyn.tasks.ui",1419205625924
started,bundle,org.eclipse.mylyn.team.ui,3.4.3.v20110131-0100-e3x,"org.eclipse.mylyn.team.ui",1419205625926
started,bundle,org.eclipse.pde.launching,3.6.0.v20100601,"org.eclipse.pde.launching",1419205625928
started,bundle,org.eclipse.pde.ui,3.6.1.v20110210_r362,"org.eclipse.pde.ui",1419205626026
started,bundle,org.eclipse.search,3.6.0.v20100520-0800,"org.eclipse.search",1419205626028
started,bundle,org.eclipse.team.core,3.5.101.R36x_v20110203-1036,"org.eclipse.team.core",1419205626029
started,bundle,org.eclipse.team.cvs.core,3.3.301.R36x_v20110119-0815,"org.eclipse.team.cvs.core",1419205626031
started,bundle,org.eclipse.team.ui,3.5.102.R36x_v20110203-1036,"org.eclipse.team.ui",1419205626034
started,bundle,org.eclipse.ui,3.6.2.M20110203-1100,"org.eclipse.ui",1419205626077
started,bundle,org.eclipse.ui.editors,3.6.1.r361_v20100825-0800,"org.eclipse.ui.editors",1419205626078
started,bundle,org.eclipse.ui.forms,3.5.2.r36_v20100702,"org.eclipse.ui.forms",1419205626079
started,bundle,org.eclipse.ui.ide,3.6.2.M20101201-0800,"org.eclipse.ui.ide",1419205626117
started,bundle,org.eclipse.ui.net,1.2.100.I20100505-1245,"org.eclipse.ui.net",1419205626118
started,bundle,org.eclipse.ui.views,3.5.1.M20110202-0800,"org.eclipse.ui.views",1419205626119
started,bundle,org.eclipse.ui.views.log,1.0.100.v20110210_r362,"org.eclipse.ui.views.log",1419205626120
started,bundle,org.eclipse.ui.workbench,3.6.2.M20110210-1200,"org.eclipse.ui.workbench",1419205626142
started,bundle,org.eclipse.ui.workbench.texteditor,3.6.1.r361_v20100714-0800,"org.eclipse.ui.workbench.texteditor",1419205626143
started,bundle,org.eclipse.update.scheduler,3.2.300.v20100512,"org.eclipse.update.scheduler",1419205626144
started,bundle,org.eclipse.wst.common.project.facet.core,1.4.102.v201008170019,"org.eclipse.wst.common.project.facet.core",1419205626145
started,bundle,org.eclipse.wst.web,1.1.402.v201012160000,"org.eclipse.wst.web",1419205626146
os,sysinfo,,,"win32",1419205626149
arch,sysinfo,,,"x86_64",1419205626149
ws,sysinfo,,,"win32",1419205626149
locale,sysinfo,,,"en_US",1419205626149
processors,sysinfo,,,"4",1419205626149
java.runtime.name,sysinfo,,,"Java(TM) SE Runtime Environment",1419205626149
java.runtime.version,sysinfo,,,"1.7.0_55-b13",1419205626149
java.specification.name,sysinfo,,,"Java Platform API Specification",1419205626149
java.specification.vendor,sysinfo,,,"Oracle Corporation",1419205626149
java.specification.version,sysinfo,,,"1.7",1419205626149
java.vendor,sysinfo,,,"Oracle Corporation",1419205626149
java.version,sysinfo,,,"1.7.0_55",1419205626149
java.vm.info,sysinfo,,,"mixed mode",1419205626149
java.vm.name,sysinfo,,,"Java HotSpot(TM) 64-Bit Server VM",1419205626149
java.vm.specification.name,sysinfo,,,"Java Virtual Machine Specification",1419205626149
java.vm.specification.vendor,sysinfo,,,"Oracle Corporation",1419205626149
java.vm.specification.version,sysinfo,,,"1.7",1419205626149
java.vm.vendor,sysinfo,,,"Oracle Corporation",1419205626149
java.vm.version,sysinfo,,,"24.55-b03",1419205626149
started,bundle,org.eclipse.ui.console,3.5.0.v20100526,"org.eclipse.ui.console",1419205626441
started,bundle,org.eclipse.team.cvs.ui,3.3.302.R36x_v20110203-1036,"org.eclipse.team.cvs.ui",1419205626780
started,bundle,org.eclipse.epp.usagedata.ui,1.3.1.R201102081640,"org.eclipse.epp.usagedata.ui",1419205627346
started,bundle,org.eclipse.update.configurator,3.3.100.v20100512,"org.eclipse.update.configurator",1419205627511
started,bundle,org.eclipse.update.core,3.2.402.R36x_v20100629,"org.eclipse.update.core",1419205627571
deactivated,workbench,org.eclipse.ui.workbench,3.6.2.M20110210-1200,"",1419205628616
activated,workbench,org.eclipse.ui.workbench,3.6.2.M20110210-1200,"",1419205631893
activated,view,org.eclipse.jdt.ui,3.6.2.r362_v20110203,"org.eclipse.jdt.ui.PackageExplorer",1419205633225
opened,editor,org.eclipse.jdt.ui,3.6.2.r362_v20110203,"org.eclipse.jdt.ui.CompilationUnitEditor",1419205639163
activated,editor,org.eclipse.jdt.ui,3.6.2.r362_v20110203,"org.eclipse.jdt.ui.CompilationUnitEditor",1419205639280
started,bundle,org.eclipse.jdt.junit,3.6.1.r361_v20100825-0800,"org.eclipse.jdt.junit",1419205639371
opened,editor,org.eclipse.jdt.ui,3.6.2.r362_v20110203,"org.eclipse.jdt.ui.CompilationUnitEditor",1419205643709
activated,editor,org.eclipse.jdt.ui,3.6.2.r362_v20110203,"org.eclipse.jdt.ui.CompilationUnitEditor",1419205643806
opened,editor,org.eclipse.jdt.ui,3.6.2.r362_v20110203,"org.eclipse.jdt.ui.CompilationUnitEditor",1419205644810
activated,editor,org.eclipse.jdt.ui,3.6.2.r362_v20110203,"org.eclipse.jdt.ui.CompilationUnitEditor",1419205644908
activated,editor,org.eclipse.jdt.ui,3.6.2.r362_v20110203,"org.eclipse.jdt.ui.CompilationUnitEditor",1419205646800
closed,editor,org.eclipse.jdt.ui,3.6.2.r362_v20110203,"org.eclipse.jdt.ui.CompilationUnitEditor",1419205646801
activated,editor,org.eclipse.jdt.ui,3.6.2.r362_v20110203,"org.eclipse.jdt.ui.CompilationUnitEditor",1419205647893
activated,editor,org.eclipse.jdt.ui,3.6.2.r362_v20110203,"org.eclipse.jdt.ui.CompilationUnitEditor",1419205649512
activated,editor,org.eclipse.jdt.ui,3.6.2.r362_v20110203,"org.eclipse.jdt.ui.CompilationUnitEditor",1419205653873
closed,editor,org.eclipse.jdt.ui,3.6.2.r362_v20110203,"org.eclipse.jdt.ui.CompilationUnitEditor",1419205653873
opened,editor,org.eclipse.jdt.ui,3.6.2.r362_v20110203,"org.eclipse.jdt.ui.CompilationUnitEditor",1419205655725
activated,editor,org.eclipse.jdt.ui,3.6.2.r362_v20110203,"org.eclipse.jdt.ui.CompilationUnitEditor",1419205655804
activated,editor,org.eclipse.jdt.ui,3.6.2.r362_v20110203,"org.eclipse.jdt.ui.CompilationUnitEditor",1419205658811
activated,editor,org.eclipse.jdt.ui,3.6.2.r362_v20110203,"org.eclipse.jdt.ui.CompilationUnitEditor",1419205667732
closed,editor,org.eclipse.jdt.ui,3.6.2.r362_v20110203,"org.eclipse.jdt.ui.CompilationUnitEditor",1419205667732
activated,view,org.eclipse.jdt.ui,3.6.2.r362_v20110203,"org.eclipse.jdt.ui.PackageExplorer",1419205669590
started,bundle,org.eclipse.compare,3.5.101.R36x_v20100929-0800,"org.eclipse.compare",1419205670008
deactivated,workbench,org.eclipse.ui.workbench,3.6.2.M20110210-1200,"",1419205680026
activated,workbench,org.eclipse.ui.workbench,3.6.2.M20110210-1200,"",1419205722029
opened,editor,org.eclipse.jdt.ui,3.6.2.r362_v20110203,"org.eclipse.jdt.ui.CompilationUnitEditor",1419205722100
activated,editor,org.eclipse.jdt.ui,3.6.2.r362_v20110203,"org.eclipse.jdt.ui.CompilationUnitEditor",1419205722173
executed,command,org.eclipse.ui.workbench.texteditor,3.6.1.r361_v20100714-0800,"org.eclipse.ui.edit.text.select.lineEnd",1419205726930
executed,command,org.eclipse.ui.workbench.texteditor,3.6.1.r361_v20100714-0800,"org.eclipse.ui.edit.text.goto.lineEnd",1419205734511
executed,command,org.eclipse.ui.workbench.texteditor,3.6.1.r361_v20100714-0800,"org.eclipse.ui.edit.text.goto.lineEnd",1419205749758
executed,command,org.eclipse.ui.workbench.texteditor,3.6.1.r361_v20100714-0800,"org.eclipse.ui.edit.text.goto.lineEnd",1419205757959
executed,command,org.eclipse.ui.workbench.texteditor,3.6.1.r361_v20100714-0800,"org.eclipse.ui.edit.text.goto.lineEnd",1419205780930
deactivated,workbench,org.eclipse.ui.workbench,3.6.2.M20110210-1200,"",1419205867016
activated,workbench,org.eclipse.ui.workbench,3.6.2.M20110210-1200,"",1419205921652
started,bundle,org.eclipse.mylyn.ide.ui,3.4.0.v20100608-0100-e3x,"org.eclipse.mylyn.ide.ui",1419205924536
started,bundle,org.eclipse.mylyn.java.ui,3.4.0.v20100608-0100-e3x,"org.eclipse.mylyn.java.ui",1419205924561
started,bundle,org.eclipse.pde.api.tools,1.0.202.v20100820_r361,"org.eclipse.pde.api.tools",1419205924628
started,bundle,org.eclipse.pde.api.tools.ui,1.0.201.v20100820_r361,"org.eclipse.pde.api.tools.ui",1419205924631
executed,command,org.eclipse.ui,3.6.2.M20110203-1100,"org.eclipse.ui.file.save",1419205934274
deactivated,workbench,org.eclipse.ui.workbench,3.6.2.M20110210-1200,"",1419205936588
activated,workbench,org.eclipse.ui.workbench,3.6.2.M20110210-1200,"",1419205980338
opened,view,org.eclipse.ui.ide,3.6.2.M20101201-0800,"org.eclipse.ui.views.ProblemView",1419205981272
deactivated,workbench,org.eclipse.ui.workbench,3.6.2.M20110210-1200,"",1419205986141
activated,workbench,org.eclipse.ui.workbench,3.6.2.M20110210-1200,"",1419205989881
executed,command,org.eclipse.ui,3.6.2.M20110203-1100,"org.eclipse.ui.file.save",1419205996956
executed,command,org.eclipse.ui.workbench.texteditor,3.6.1.r361_v20100714-0800,"org.eclipse.ui.edit.text.goto.lineEnd",1419205999044
executed,command,org.eclipse.ui.workbench.texteditor,3.6.1.r361_v20100714-0800,"org.eclipse.ui.edit.text.goto.lineEnd",1419206043263
executed,command,org.eclipse.ui.workbench.texteditor,3.6.1.r361_v20100714-0800,"org.eclipse.ui.edit.text.goto.lineEnd",1419206089292
executed,command,org.eclipse.ui.workbench.texteditor,3.6.1.r361_v20100714-0800,"org.eclipse.ui.edit.text.goto.lineEnd",1419206142348
deactivated,workbench,org.eclipse.ui.workbench,3.6.2.M20110210-1200,"",1419206193133
activated,workbench,org.eclipse.ui.workbench,3.6.2.M20110210-1200,"",1419206267845
executed,command,org.eclipse.ui,3.6.2.M20110203-1100,"org.eclipse.ui.file.save",1419206277675
executed,command,org.eclipse.ui.workbench.texteditor,3.6.1.r361_v20100714-0800,"org.eclipse.ui.edit.text.select.lineStart",1419206336102
executed,command,org.eclipse.ui.workbench.texteditor,3.6.1.r361_v20100714-0800,"org.eclipse.ui.edit.text.goto.lineEnd",1419206339785
executed,command,org.eclipse.ui.workbench.texteditor,3.6.1.r361_v20100714-0800,"org.eclipse.ui.edit.text.goto.lineEnd",1419206387858
executed,command,org.eclipse.ui.workbench.texteditor,3.6.1.r361_v20100714-0800,"org.eclipse.ui.edit.text.goto.lineEnd",1419206413648
deactivated,workbench,org.eclipse.ui.workbench,3.6.2.M20110210-1200,"",1419206437892
activated,workbench,org.eclipse.ui.workbench,3.6.2.M20110210-1200,"",1419206492136
deactivated,workbench,org.eclipse.ui.workbench,3.6.2.M20110210-1200,"",1419206530167
activated,workbench,org.eclipse.ui.workbench,3.6.2.M20110210-1200,"",1419206588266
executed,command,org.eclipse.ui,3.6.2.M20110203-1100,"org.eclipse.ui.edit.delete",1419206592219
executed,command,org.eclipse.ui,3.6.2.M20110203-1100,"org.eclipse.ui.edit.delete",1419206592604
executed,command,org.eclipse.ui,3.6.2.M20110203-1100,"org.eclipse.ui.edit.delete",1419206593022
deactivated,workbench,org.eclipse.ui.workbench,3.6.2.M20110210-1200,"",1419206593432
activated,workbench,org.eclipse.ui.workbench,3.6.2.M20110210-1200,"",1419206595336
deactivated,workbench,org.eclipse.ui.workbench,3.6.2.M20110210-1200,"",1419206616237
activated,workbench,org.eclipse.ui.workbench,3.6.2.M20110210-1200,"",1419206616445
deactivated,workbench,org.eclipse.ui.workbench,3.6.2.M20110210-1200,"",1419206622862
activated,workbench,org.eclipse.ui.workbench,3.6.2.M20110210-1200,"",1419206626250
executed,command,org.eclipse.ui.workbench.texteditor,3.6.1.r361_v20100714-0800,"org.eclipse.ui.edit.text.goto.lineEnd",1419206638510
executed,command,org.eclipse.ui,3.6.2.M20110203-1100,"org.eclipse.ui.edit.undo",1419206641563
executed,command,org.eclipse.ui.workbench.texteditor,3.6.1.r361_v20100714-0800,"org.eclipse.ui.edit.text.goto.lineEnd",1419206642447
deactivated,workbench,org.eclipse.ui.workbench,3.6.2.M20110210-1200,"",1419206710514
activated,workbench,org.eclipse.ui.workbench,3.6.2.M20110210-1200,"",1419206712892
executed,command,org.eclipse.ui.workbench.texteditor,3.6.1.r361_v20100714-0800,"org.eclipse.ui.edit.text.goto.lineEnd",1419206744052
executed,command,org.eclipse.ui,3.6.2.M20110203-1100,"org.eclipse.ui.edit.delete",1419206780745
executed,command,org.eclipse.ui,3.6.2.M20110203-1100,"org.eclipse.ui.file.save",1419206804597
activated,view,org.eclipse.jdt.ui,3.6.2.r362_v20110203,"org.eclipse.jdt.ui.PackageExplorer",1419206819244
opened,editor,org.eclipse.jdt.ui,3.6.2.r362_v20110203,"org.eclipse.jdt.ui.CompilationUnitEditor",1419206824086
activated,editor,org.eclipse.jdt.ui,3.6.2.r362_v20110203,"org.eclipse.jdt.ui.CompilationUnitEditor",1419206824164
activated,view,org.eclipse.jdt.ui,3.6.2.r362_v20110203,"org.eclipse.jdt.ui.PackageExplorer",1419206844830
opened,editor,org.eclipse.jdt.ui,3.6.2.r362_v20110203,"org.eclipse.jdt.ui.CompilationUnitEditor",1419206849484
activated,editor,org.eclipse.jdt.ui,3.6.2.r362_v20110203,"org.eclipse.jdt.ui.CompilationUnitEditor",1419206849560
activated,view,org.eclipse.jdt.ui,3.6.2.r362_v20110203,"org.eclipse.jdt.ui.PackageExplorer",1419206858962
started,bundle,org.eclipse.debug.ui,3.6.3.v20101201_r362,"org.eclipse.debug.ui",1419206914351
started,bundle,org.eclipse.birt.report.debug.ui,2.6.2.r262_v20110127,"org.eclipse.birt.report.debug.ui",1419206914455
deactivated,workbench,org.eclipse.ui.workbench,3.6.2.M20110210-1200,"",1419206916359
activated,workbench,org.eclipse.ui.workbench,3.6.2.M20110210-1200,"",1419206921675
executed,command,org.eclipse.ui,3.6.2.M20110203-1100,"org.eclipse.ui.file.properties",1419206921686
started,bundle,org.eclipse.wst.ws.service.policy.ui,1.0.202.v201004211732,"org.eclipse.wst.ws.service.policy.ui",1419206925231
started,bundle,org.eclipse.wst.ws.service.policy,1.0.204.v201011011834,"org.eclipse.wst.ws.service.policy",1419206925251
started,bundle,org.eclipse.wst.command.env,1.0.409.v201004211805,"org.eclipse.wst.command.env",1419206925360
started,bundle,org.eclipse.wst.ws,1.1.203.v201004211805,"org.eclipse.wst.ws",1419206925362
started,bundle,org.eclipse.wst.common.frameworks.ui,1.2.0.v201004080500,"org.eclipse.wst.common.frameworks.ui",1419206925451
started,bundle,org.eclipse.wst.common.core,1.2.0.v200908252030,"org.eclipse.wst.common.core",1419206925464
deactivated,workbench,org.eclipse.ui.workbench,3.6.2.M20110210-1200,"",1419206934643
activated,workbench,org.eclipse.ui.workbench,3.6.2.M20110210-1200,"",1419206936963
executed,command,org.eclipse.jdt.ui,3.6.2.r362_v20110203,"org.eclipse.jdt.ui.edit.text.java.rename.element",1419206936969
deactivated,workbench,org.eclipse.ui.workbench,3.6.2.M20110210-1200,"",1419206948151
activated,workbench,org.eclipse.ui.workbench,3.6.2.M20110210-1200,"",1419206950210
executed,command,org.eclipse.jdt.ui,3.6.2.r362_v20110203,"org.eclipse.jdt.ui.edit.text.java.infer.type.arguments",1419206950215
started,bundle,org.eclipse.jdt.debug,3.6.1.v20100715_r361,"org.eclipse.jdt.debug",1419206953818
started,bundle,org.eclipse.jdt.debug.ui,3.5.2.v20100928a_r362,"org.eclipse.jdt.debug.ui",1419206953946
activated,editor,org.eclipse.jdt.ui,3.6.2.r362_v20110203,"org.eclipse.jdt.ui.CompilationUnitEditor",1419206953988
deactivated,workbench,org.eclipse.ui.workbench,3.6.2.M20110210-1200,"",1419206955429
activated,workbench,org.eclipse.ui.workbench,3.6.2.M20110210-1200,"",1419207040845
activated,editor,org.eclipse.jdt.ui,3.6.2.r362_v20110203,"org.eclipse.jdt.ui.CompilationUnitEditor",1419207048353
started,bundle,org.eclipse.pde.core,3.6.2.v20110210_r362,"org.eclipse.pde.core",1419207070835
deactivated,workbench,org.eclipse.ui.workbench,3.6.2.M20110210-1200,"",1419207077810
activated,workbench,org.eclipse.ui.workbench,3.6.2.M20110210-1200,"",1419207078019
executed,command,org.eclipse.ui,3.6.2.M20110203-1100,"org.eclipse.ui.edit.undo",1419207082092
activated,editor,org.eclipse.jdt.ui,3.6.2.r362_v20110203,"org.eclipse.jdt.ui.CompilationUnitEditor",1419207086206
activated,editor,org.eclipse.jdt.ui,3.6.2.r362_v20110203,"org.eclipse.jdt.ui.CompilationUnitEditor",1419207087572
activated,view,org.eclipse.jdt.ui,3.6.2.r362_v20110203,"org.eclipse.jdt.ui.PackageExplorer",1419207093188
deactivated,workbench,org.eclipse.ui.workbench,3.6.2.M20110210-1200,"",1419207105093
activated,workbench,org.eclipse.ui.workbench,3.6.2.M20110210-1200,"",1419207128133
executed,command,org.eclipse.ui,3.6.2.M20110203-1100,"org.eclipse.ui.file.import",1419207128140
executed,command,org.eclipse.ui,3.6.2.M20110203-1100,"org.eclipse.ui.file.import",1419207128140
deactivated,workbench,org.eclipse.ui.workbench,3.6.2.M20110210-1200,"",1419207145643
activated,workbench,org.eclipse.ui.workbench,3.6.2.M20110210-1200,"",1419207161756
activated,editor,org.eclipse.jdt.ui,3.6.2.r362_v20110203,"org.eclipse.jdt.ui.CompilationUnitEditor",1419207168228
activated,editor,org.eclipse.jdt.ui,3.6.2.r362_v20110203,"org.eclipse.jdt.ui.CompilationUnitEditor",1419207168278
closed,editor,org.eclipse.jdt.ui,3.6.2.r362_v20110203,"org.eclipse.jdt.ui.CompilationUnitEditor",1419207168278
executed,command,org.eclipse.ui,3.6.2.M20110203-1100,"org.eclipse.ui.edit.copy",1419207174089
activated,editor,org.eclipse.jdt.ui,3.6.2.r362_v20110203,"org.eclipse.jdt.ui.CompilationUnitEditor",1419207176144
executed,command,org.eclipse.ui,3.6.2.M20110203-1100,"org.eclipse.ui.edit.paste",1419207182357
executed,command,org.eclipse.ui,3.6.2.M20110203-1100,"org.eclipse.ui.file.save",1419207199646
executed,command,org.eclipse.ui.workbench.texteditor,3.6.1.r361_v20100714-0800,"org.eclipse.ui.edit.text.goto.lineEnd",1419207216731
executed,command,org.eclipse.ui,3.6.2.M20110203-1100,"org.eclipse.ui.file.save",1419207253852
executed,command,org.eclipse.ui,3.6.2.M20110203-1100,"org.eclipse.ui.file.save",1419207265668
started,bundle,org.eclipse.wst.server.core,1.1.206.v20110110,"org.eclipse.wst.server.core",1419207271063
started,bundle,org.eclipse.wst.server.ui,1.1.207.v20110119,"org.eclipse.wst.server.ui",1419207271073
started,bundle,org.eclipse.wst.jsdt.debug.ui,1.0.3.v201011040143,"org.eclipse.wst.jsdt.debug.ui",1419207271165
deactivated,workbench,org.eclipse.ui.workbench,3.6.2.M20110210-1200,"",1419207272661
activated,workbench,org.eclipse.ui.workbench,3.6.2.M20110210-1200,"",1419207274703
opened,view,org.eclipse.ui.console,3.5.0.v20100526,"org.eclipse.ui.console.ConsoleView",1419207276243
activated,view,org.eclipse.ui.console,3.5.0.v20100526,"org.eclipse.ui.console.ConsoleView",1419207276566
activated,editor,org.eclipse.jdt.ui,3.6.2.r362_v20110203,"org.eclipse.jdt.ui.CompilationUnitEditor",1419207281259
executed,command,org.eclipse.ui,3.6.2.M20110203-1100,"org.eclipse.ui.edit.undo",1419207294759
executed,command,org.eclipse.ui.workbench.texteditor,3.6.1.r361_v20100714-0800,"org.eclipse.ui.edit.text.goto.lineStart",1419207295871
executed,command,org.eclipse.ui,3.6.2.M20110203-1100,"org.eclipse.ui.file.save",1419207297344
started,bundle,org.eclipse.emf.common,2.6.0.v20100914-1218,"org.eclipse.emf.common",1419207297637
started,bundle,org.eclipse.wst.common.frameworks,1.2.0.v201003040800,"org.eclipse.wst.common.frameworks",1419207297654
started,bundle,org.eclipse.emf.ecore,2.6.1.v20100914-1218,"org.eclipse.emf.ecore",1419207297844
started,bundle,org.eclipse.wst.common.emf,1.2.3.v201012100400,"org.eclipse.wst.common.emf",1419207297957
started,bundle,org.eclipse.jem.util,2.1.3.v201012070000,"org.eclipse.jem.util",1419207298010
started,bundle,org.eclipse.emf.ecore.xmi,2.5.0.v20100521-1846,"org.eclipse.emf.ecore.xmi",1419207298029
started,bundle,org.eclipse.wst.common.emfworkbench.integration,1.2.3.v201012020600,"org.eclipse.wst.common.emfworkbench.integration",1419207298030
started,bundle,org.eclipse.wst.common.modulecore,1.2.5.v201101270100,"org.eclipse.wst.common.modulecore",1419207298183
started,bundle,org.eclipse.jst.j2ee.core,1.2.4.v201102101900,"org.eclipse.jst.j2ee.core",1419207298345
started,bundle,org.eclipse.jem,2.0.400.v201005110200,"org.eclipse.jem",1419207298440
